Time,V1,V2,V3,V4,V5,V6,V7,V8,V9,V10,V11,V12,V13,V14,V15,V16,V17,V18,V19,V20,V21,V22,V23,V24,V25,V26,V27,V28,Amount,Class
145675.0,-0.513324331498506,0.492366008305614,-0.390788869746986,-1.12742190157812,1.71234523611395,-1.25191558203014,1.25456856085633,-0.19558165636438,-0.765231198514155,-0.569164246574804,0.657357528100245,-0.0534054454571319,-1.4083024057154,1.15861270932354,-0.600212411280399,-0.4154854310605,-0.534672711954665,0.284379025435387,0.275953048998494,-0.0798501761284444,0.310590911636669,0.69541779937612,-0.300049185144813,0.791399683419408,0.230799442574711,0.134178266257421,0.0356854503644514,0.137884982172243,5.39,0
84133.0,-0.297140445177428,1.33528165043591,0.832656384165299,1.33082929024179,0.452859101893486,-0.746529682711846,0.705074963611599,-0.0119916508110709,-0.704270671087424,-0.867952559120803,0.412417919064218,-0.669030952706953,-0.854791064104663,-1.16062756320679,1.69035940388058,-0.248850506734242,1.69734551361684,0.428769401640213,0.016403888693882,-0.0002455314016663,0.0953642721370143,0.35304525523343,-0.149371729312146,0.255892625414801,-0.319784923091971,-0.253465161112872,0.200902153563499,0.189499886714174,1.0,0
7200.0,-1.69026694632538,1.27801996761794,1.28584044951383,-0.0891576458558591,-0.281146423239378,-0.61491984338507,0.236379936507477,-0.303528095005346,2.25534780465993,1.3312428984953,1.56150069623455,-2.00224750292021,2.54526121183737,0.74662902164226,1.13996014652617,-0.664262516553219,0.90117292206129,-0.67441030165149,0.261585664851804,0.669947656684988,-0.458048369183931,-0.162860630669203,-0.0200127257498735,0.428349714640645,-0.405799340583686,0.962898269663271,0.502920921163732,0.337400786013085,38.44,0
42985.0,-4.07597468486268,0.963031254092613,-5.07607019842086,4.9559633578155,-0.161436852450419,-2.83266299767191,-7.619765445461,1.61889544068454,-2.99209215744034,-7.14219911358407,6.27866584548672,-9.40706094796316,-1.81887396082411,-10.7395718907673,0.224206083734093,-8.42708279627514,-13.5021528919623,-4.71296758855481,2.6304759946371,0.0588612515023862,1.03073825203134,0.165327776328984,-1.01750231442165,-0.477983380813876,-0.304986825039416,-0.106089275128594,1.89971434181658,0.51146170682063,1.0,1
79540.0,-0.114360703589856,1.03612940153875,1.98440526119199,3.12824327369048,-0.740343559582751,1.54861869623,-1.70128395465886,-2.20384174839674,-1.24226477538834,0.269561809170344,1.29341829662131,0.933215784460268,-0.135325960632637,0.521483689902165,0.386884188055331,0.0598689535627266,0.306339379229928,0.265051988857439,0.223718288348024,0.732852498432027,-1.03293465200213,1.19642831010463,-0.112856718234204,0.254718993156121,0.69666788609654,0.482370416673402,0.129969314476127,0.223924333790406,0.2,1
166831.0,-2.02713542158538,-1.13189035724166,-1.13519425354743,1.08696263677666,-0.0105473464481483,0.423796701647855,3.79088017117747,-1.15559509817023,-0.0634335699320076,1.33441406239882,1.03201558219625,-0.722023081820061,-1.53323965243517,0.334119448067333,0.297478860324539,-0.429391896447094,-0.824644210487403,0.489667798839098,0.87334427153726,0.0338040154798561,-0.315104559619618,0.575519699616524,0.490842008633879,0.756502366364478,-0.142685358889407,-0.602776608703914,0.508712458871011,-0.091645525701271,634.3,1
76826.0,-6.61629292560656,3.56342789803106,-7.05890129814843,4.28434595524384,-5.09629887292392,-1.76861780360559,-4.93755412732933,2.74845954534783,-3.79675959454545,-6.8254901042394,3.25959475409854,-6.94389061823948,0.43597516308899,-6.94701030902337,1.01100406527995,-6.16683742461485,-10.564346602529,-4.01018815310236,2.14350179519978,-0.54163415582255,1.21597610572025,0.0411777442210425,-1.05909770217904,0.275662062254882,0.057424927985318,-0.265838484019501,-0.514636936427821,0.388590269335523,254.76,1
162374.0,1.91507517108632,-0.263068035356774,-1.7657412406372,0.332473903247235,0.0334089980020911,-0.75407581116916,-0.0817718579502912,0.0068548399616074,1.08717604060738,-0.633967342674911,0.62891392787489,-0.151987477073153,-2.17349670280782,-0.855483856459879,-0.536664361119439,0.309323454243072,0.88371855449076,0.777450297404786,0.466030559085139,-0.219934613199377,-0.209659157886923,-0.550052186799245,0.129844152307442,-0.563734587460394,-0.14778860792344,-0.0800999968294573,-0.0281870588057423,-0.0327566892654815,48.94,0
59385.0,-7.62692409246447,-6.97642000754641,-2.07791115073952,3.41675415987856,4.45875840248762,-5.08040779918275,-6.57894786782983,1.76034141396682,-0.599508728352202,-4.00174208524931,2.61176184321338,-2.21069105518154,0.145323220628924,-5.28167813117348,-1.44622731547596,-2.34217826208892,-4.44208205885268,-0.812202197039381,0.254771833248553,2.87526030369363,1.22479498325958,-0.656639147267532,-0.330810728527997,-0.0789460153087798,0.270305924800976,0.431119110160139,0.821381426988655,-1.05608777393768,18.98,1
129222.0,1.17782379154942,2.48710339519253,-5.33060816051087,5.32454683526606,1.15024325844862,-1.28184253527583,-1.17199420002259,0.413778202141836,-2.6598401542684,-2.9716952359177,3.6195974073081,-4.47804406487578,-2.03418448611283,-7.77219735461502,-1.20149274946259,-0.509866916309607,-1.30436979397668,0.495999534593581,-1.35984389291856,0.156057238983783,0.262325116604754,-0.431790202566124,-0.092088065214941,0.145215897986796,0.457788410050576,0.167739067416406,0.451242541470912,0.268421209703893,4.87,1
140293.0,0.95102521866626,3.2529263650346,-5.03910474036957,4.63241097983647,3.01450127957475,-1.34957013831981,0.980940271596384,-1.81953945591171,-2.09904890456221,-1.34755671450971,2.68057817990216,-1.4629451764881,-0.705397068056644,-7.44529583374444,-0.561331521951524,3.13965565883069,5.66542906834794,3.79031621184375,-1.90979861946686,-0.381443722292837,1.40452405829287,-0.760549175070266,0.358292341700385,-1.18594156446759,-1.28617671637574,0.0003653025161088,0.16966196162803,0.108275693217457,0.77,1
91502.0,0.0073790751145725,2.36518252886777,-2.60028738169342,1.11160176466249,3.2764413263667,-1.7761407852846,2.11453088108345,-0.830084106599812,0.900489974281822,-3.37617706712688,2.05681205985716,-3.9842567303491,1.02196791340796,-5.96790496861639,-1.15160831490592,1.67973960141233,5.58611468683053,2.78913115591619,-2.24107485298106,-0.0063884972816308,-0.563944162060269,-0.902099515410175,-0.404382448597275,-0.0129439005065412,0.589836154947909,-0.734449052212668,-0.447529183217452,-0.362374775122343,1.0,1
153199.0,2.10589909441846,-1.10465170158188,-0.590830035761339,-0.974309949343664,-0.977557855476542,-0.0713527805509004,-1.19683843776886,0.147169672208885,-0.0247216649176332,0.914495520518914,0.79980654178909,-0.208111691426624,-0.61891886037859,-0.143938794919924,-0.355919044136378,1.34192755755308,-0.0283058465352786,-0.624795747462164,0.665600443995137,-0.0338349269386786,0.371675162110176,1.04253594637116,0.172489702697311,0.720916807115989,-0.208392802921048,-0.136175655073937,-0.0012539957207288,-0.0517218566526721,19.0,0
103808.0,-4.51734375344642,2.50022390414582,-4.01392753708116,1.18945163355882,-2.48686063585833,-1.41347553285281,-4.24570662259591,1.26508694822894,1.16882778968781,-4.51390660472333,3.69471123994721,-6.11044323287235,-0.110521636054475,-4.18455528093394,-0.93103463417672,-1.61471832598223,-3.35318018239636,0.236762036968587,0.0038960221310578,-1.05616226010439,1.32694422202396,0.102998961106284,0.508166904438541,-0.278017536127694,0.139721094971637,0.0646100247346309,-0.972358289293076,0.351359561196795,2.27,1
155519.0,2.08365983071261,-0.790226332671899,-1.38724143634446,-1.03192317831723,0.0300613255468708,0.0916226013683417,-0.509070111432464,-0.0240485873967287,-0.642990144837063,0.718062074791375,0.210676785314229,0.0032856261446967,0.782148790856878,-0.0070012116470705,1.07019540390506,-0.100074438261482,1.01700887206384,-2.84074894890504,-0.746017568115757,-0.0940170091165359,0.530979651366106,1.69881036047757,0.0746508306828021,-0.88347293340295,-0.0114599188962009,0.160046748378514,0.0184622291921324,-0.0749696276464944,15.0,0
41791.0,-7.22273130585545,6.15577293013926,-10.8264598371575,4.1807791786876,-6.12355510135628,-3.11413648152623,-6.89511228298774,5.16151637665229,-2.51647653288733,-6.40337055173194,3.18605794805635,-6.85557098142662,-0.837722614772195,-8.03661487513855,0.956969643768367,-4.55719345408278,-7.65470424350142,-2.58841864362628,0.718555009324824,0.818859416826789,0.91270032192132,-0.630358133073199,0.190886662173033,-0.0612634320139128,0.379774656663009,-0.266845465234688,1.19369457713473,0.257468457389868,99.99,1
125608.0,2.04306880404086,0.404449396169705,-2.4057476121137,1.48174058192141,0.863928166029862,-1.02901425867173,0.563822934308932,-0.25139785224749,0.404916161164516,-0.300680406875112,-0.999049661559977,-0.99543754242911,-2.05587196154456,-0.650602912314483,-0.167227986437176,-0.0535328627603787,1.00947637161348,0.376961509819353,-0.306833531594587,-0.328914454669867,-0.0718725477585239,-0.0948506616648002,0.0095712110409643,0.48995571812718,0.449384988436873,-0.514802806846731,-0.0163937535644769,-0.0263572556805842,8.78,0
123362.0,1.60600676607556,-0.404896320715067,-2.20427920966144,1.31301132347527,0.688258790065592,-0.656677811400952,1.04517735118088,-0.426946343578736,-0.367897523363144,0.351875534471611,0.576739530953427,1.25862592386251,0.601903449466291,0.738379667747625,-1.11092115865512,-0.46979671040061,-0.598001472580766,-0.0329988895343002,0.0674143941383125,0.227318295628567,0.320557188329167,0.639183235050708,-0.346214074068679,-0.410737290519279,0.565279234359694,-0.402576711339959,-0.0684818044684223,-0.0413743198326432,230.0,0
26585.0,-19.8563223334433,12.0958932259299,-22.4640827464876,6.11554110191771,-15.1480215209615,-4.34672408349599,-15.6485074722661,13.2768048056341,-3.97416161954102,-8.85919405880884,5.73081553744459,-8.08803351213651,0.230824969324902,-8.57897327333454,0.000946636693186,-6.94774606726094,-13.4728970076501,-4.94021082886802,1.23014255193802,1.58292955492187,1.75072984045421,-1.40963570908141,-0.809809278333882,0.121396659905885,1.35030007077468,-0.224291873525585,1.59762136835254,0.476919818025438,99.99,1
14152.0,-4.71052878230567,8.63621438967976,-15.4962220036783,10.3133493732845,-4.35134098287048,-3.32268873543923,-10.7883728387388,5.06038112024979,-5.68931118776998,-11.7121866242875,11.1524905985837,-16.5581971409376,0.302644522406362,-17.4759212828566,-0.412393267331071,-10.222203169604,-13.7991476446987,-5.00858517858957,1.16202614780693,1.43423977941906,1.9905453513529,0.223785002572736,0.554408428563337,-1.20404159623154,-0.450684594730258,0.641836059375492,1.60595762479265,0.721643614506061,1.0,1
72639.0,-1.09595761984287,-0.0640255313178597,1.19112921560839,-1.15465523043469,0.677507099148607,-0.419857961007082,1.47764607672089,-0.207972840344034,-0.702412745277173,-0.60406063920586,0.520097423128478,-0.269998240075032,-1.00487458009471,0.444708159191097,-0.172332841082484,0.66463128376572,-0.997558201768153,0.0227571062075652,0.427893607579419,0.446906587847034,-0.331743291746538,-1.41147701730807,0.212442726274711,-0.546438855256517,0.206311989555111,0.552127453579918,-0.32775309204532,-0.179031116209775,168.99,0
140116.0,1.72817322171421,-0.581622109991902,-1.48414406100608,0.0930945339322969,0.846254347994461,1.40232024106289,-0.164815443475281,0.431952541809604,0.381731205304145,0.0157562316095692,1.41503747212712,1.18365934717275,-0.464310833127638,0.628399195863516,0.243112918060253,-1.191915940538,0.648201257824344,-2.15618132822707,-0.927252319678302,-0.229139628330372,-0.0670905443974508,-0.0734461760815087,0.295387811160202,-1.74655614483594,-0.524520725832469,0.403546459867556,-0.0214360526879527,-0.0811351009438779,70.85,0
58060.0,-2.63059770314604,5.12575923008793,-6.09225454651378,5.52739306209755,1.60514485494011,-2.31988352953118,-3.20707570564086,-1.48258321071708,-5.07487063178104,-6.77833138248069,5.72525459149638,-6.94917182528041,-3.12779501198771,-11.090424813263,-0.800272569362332,-1.70750085360527,-1.68547301699574,0.274890838662414,-2.02888535240153,0.948863770149954,-0.527474204141788,0.220546094514546,-1.37110989476897,-0.504898994517705,0.382306792598482,0.395527722278956,0.782035950782542,0.62852786395406,1.0,1
155662.0,-1.92861326665902,4.60150558710842,-7.12405297794577,5.71608803673092,1.0265785454506,-3.18907306708797,-2.26189690158112,1.18509635557546,-4.4419416151592,-6.64615382952148,3.8278680907164,-6.51864882248249,0.25113654845891,-12.4567059527055,-0.649166482109423,-1.28314500024635,-2.71855972503703,-0.0854660890712058,-2.09738547120766,0.328795983029392,0.602290585417557,-0.541287465014078,-0.354639278954951,-0.701492058320209,-0.0309729820836431,0.03406987758686,0.57339303199888,0.294686316081238,0.77,1
127543.0,-0.108799263452379,1.45915588107203,0.603577874666183,2.91723113561413,0.670551090937666,1.01620637802532,0.0882106444634168,0.648680473904745,-1.45144074096756,0.638237126457671,-2.065175063234,-0.142115320324275,1.08408384537347,-0.0542501376075392,-0.679261069488758,1.45255474233155,-1.08418553830635,-0.0268629976565208,-1.01766412934779,-0.188829089058199,-0.138620427182643,-0.574346760195584,0.295162591746849,-0.0480543058676619,-1.02170351870009,-0.466255169341818,0.0025258138314207,0.0456834624578723,14.36,0
75033.0,-0.430330205681344,0.985632693552081,0.645789437298841,0.317131047127407,0.616332206255463,-1.34746245720975,1.0782335690849,-0.161518267508932,-0.492855874580938,-1.03963769713185,-0.39560772252726,-0.664683930228673,-0.985700496668287,-0.660967626671015,0.344105202877093,0.530852433867815,0.278141865207384,0.355529916892446,-1.08122326117298,-0.115281935429531,-0.0163780179250957,-0.207609058231514,-0.164119225784612,0.255280162145255,0.454797817761532,-0.505032215885219,-0.0394559687978208,-0.006357582233934,30.14,1
41851.0,-19.1397328634111,9.28684735978866,-20.134992104854,7.81867331002574,-15.6522076772063,-1.66834770694329,-21.3404780994803,0.6418997011947,-8.55011032700099,-16.6496281595399,4.81815244707108,-9.44531478308794,1.31705629332341,-7.24346097400378,0.830910291033798,-9.53325705039319,-18.7506411474674,-8.09264877340557,3.32675827497024,0.42720343146936,-2.18269194560955,0.520543072366642,-0.760556415188733,0.662766638397236,-0.948454306235033,0.121795925829793,-3.3818429293561,-1.25652362136258,139.9,1
121081.0,2.23285829570148,-1.42385552538052,-0.785976093901572,-1.66225189456885,-1.20625980870085,-0.238282113902994,-1.2777990700493,-0.0362778897230199,-1.43498628606663,1.70648932437988,0.770655553215368,0.125252375194044,0.802963329262041,-0.3983570118184,-0.833031808284493,-0.309475373151506,0.185593519094913,0.415941361342236,0.0947785570937672,-0.355728293281152,-0.100019491383229,0.172125922289413,0.269684700833878,0.755359106877553,-0.257351590307223,-0.236172713816665,0.013775476252428,-0.0467550889371415,24.0,0
169142.0,-1.92788332105459,1.12565266367046,-4.51833064132991,1.74929253346589,-1.56648729197754,-2.01049423115212,-0.882849830858081,0.697211109261327,-2.0649452874475,-5.58779378195338,2.1157951772133,-5.4174240819973,-1.23512263142388,-6.66517689463338,0.401700686738171,-2.89782511671737,-4.57052943365069,-1.31514721385427,0.391167040935071,1.25296673470361,0.778583978950071,-0.319188818860513,0.639418961153121,-0.294885040380029,0.537502535542985,0.788395056528708,0.292679966295281,0.147967928722538,390.0,1
147475.0,0.935924073393477,-2.19868216317967,-1.38969543464377,0.167463422734974,-0.0610899525853127,1.97578795913581,-0.323672846129039,0.464020794802779,0.770416009767035,-0.144215280107927,0.917161093424796,0.968716530898257,0.35648251241268,0.238512614431172,1.08697612221599,0.146578095810677,-0.330464885104955,-0.437928615433406,-1.04398799369419,0.806382595930735,0.562004332276335,0.667960960585043,-0.225888514793201,-0.864985463175178,-0.665129908791619,0.679731100628304,-0.0891888946295676,0.0177889655425791,506.0,0
157284.0,-0.242244998983291,4.14718554774299,-5.67234909620488,6.49374059630435,1.59116815595921,-1.60252259512767,-0.950462840251984,0.722902909564455,-4.12850525273272,-3.96322447209244,4.46946731169238,-4.6550713248721,-0.441775588896948,-10.1498129226371,0.612797714121901,-0.288725033933543,1.40450707513401,2.13208137860015,0.707199945685905,0.562029861091792,0.249022570668556,-0.480286305732899,-0.286080216527281,-1.15357475551215,-0.0355711283215471,0.559628209963356,0.40944648264684,0.221048104758881,0.77,1
72824.0,-1.11149523246612,-0.257575207100777,2.25020963478583,1.15267090326627,0.432904474488939,1.25412602800986,-0.58416279009186,-0.609681605347911,1.01460246273104,0.334532824069685,0.82637484441332,0.196886900487791,-1.88599349809323,-0.472025637126337,-0.578141395688259,-1.24300710102788,0.570459827436018,-0.159056766164096,0.407187527410462,-0.510613591931657,0.862912790109336,0.927825035064447,-0.343058085886885,-0.256268230425974,-0.600742165862083,-0.18033128765631,0.0267622260788268,-0.358335321215398,45.03,1
137817.0,1.84419933561731,-0.568184079800747,-1.79032613374544,0.483063354917493,2.0542368913531,4.17275087047908,-0.834353789205864,1.07256669985308,1.01876112880944,-0.0111224896283836,-0.54149133209089,0.746493116394121,-0.368857167328863,-0.0602171578621978,-0.791488713774252,-0.493234894845125,-0.133175432373285,-0.997709317310272,0.0747739996076525,-0.135570043746977,-0.502628918730017,-1.35618303066421,0.44275892133252,0.618498404896527,-0.296538500321949,-1.08861641339246,0.0664477541548245,-0.029860200326117,47.37,0
35906.0,-3.51902954497457,4.14086717613266,-3.62820236883577,5.50567203744754,-4.05746250583351,-0.905945282755562,-6.65203112089008,2.63452416520597,-4.67940204045465,-6.54624181523522,3.53820204012168,-8.04228514248667,1.69750938374612,-8.05104890186539,1.07045739646232,-7.39595692479141,-14.3296261567476,-4.86801023649552,2.46384303909831,0.898723234092648,1.58255593340505,0.778710245469243,-0.13570727840987,-0.0042778002749602,0.0327061591060809,0.362014053476722,0.900925137512513,0.554897499272323,9.13,1
165295.0,-1.72860803346731,-1.20756051522193,0.0467033081019757,-0.263175707888767,2.07005892644161,-0.318440014784007,0.362408512749794,0.220271250056267,0.12287778574293,-0.361950283740918,-0.159139926476774,0.485860792420707,0.141318931309258,0.105563026849946,0.528875909361714,-0.98110310182404,0.433552790994701,-2.16440931219651,-1.08927335559552,-0.409510107721083,-0.280053055426832,-0.0391289000818395,1.73519017854227,-0.998138735098726,-0.338224158146782,0.289127209600779,0.403117125734149,-0.0990302852721974,6.49,0
85285.0,-6.71340697159693,3.92110415204576,-9.74667821737542,5.14826254938013,-5.15156271985187,-2.09938865681113,-5.93776683170198,3.57877960420447,-4.6849517505833,-8.53775768653457,6.34897930341209,-8.68160893168352,0.251179384774619,-11.6080022570993,-0.351568782034355,-5.36356643348466,-11.9390915052116,-3.58360287020043,0.897402406121681,0.135711322729059,0.954272201927517,-0.45108644858101,0.127214424071711,-0.339449869297565,0.394095513633807,1.07529509891805,1.6499059092424,-0.394905372194808,252.92,1
135797.0,-0.118852678059577,0.792402788872135,0.248070866670561,-0.400438203597655,-0.177871954885675,-0.207756015366548,-0.364491646824513,0.574834226926619,0.450069654892675,-1.36721457798875,-0.920584763609238,0.216026336708535,0.778004344280535,-1.54111575112274,0.322600768103313,1.2558426614629,0.244693031983906,0.814015883083251,-0.747385190154512,-0.162793621384629,0.145130241542084,0.395183941020804,0.245039866124406,0.582076022606717,-1.29957252509511,0.171402010128753,0.0493126049484126,0.115989560372346,11.79,0
56851.0,-0.513199462096155,-0.552059214989758,2.09530786441908,-0.234534414764471,-1.31984376258335,0.261223834456168,-0.0363778834736089,0.29392262962346,1.60282775155912,-1.15662824888813,-1.73102359792714,0.33430426525823,-0.607579583816839,-1.20220924268506,-2.27625418378007,-0.232615301534869,0.152461053700927,-0.333817917405575,-0.0924670427042523,0.100745979947032,0.149454593613068,0.620559877160167,0.414017100959157,0.474088161220845,-1.1841062651264,0.766125815819385,0.168954292047865,0.243634389933184,141.94,0
29531.0,-1.06067628419757,2.60857946990866,-2.97167900258071,4.36008935234848,3.73885304346426,-2.72839507263672,1.98761635466291,-0.357344707416169,-2.75753451251209,-2.33593332652232,2.11151686706104,-2.59194964968951,-1.9505893546741,-7.31157981735935,0.0777527657738322,2.29060783198994,6.50927165018434,2.56997142628646,-3.28615008214787,-0.0890615369649179,-0.0631678773494982,-0.207385284031508,-0.183260817119722,-0.103679373403096,0.896178353364318,0.407386872028391,-0.130918311231478,0.192177382137495,0.68,1
97121.0,-17.9762660516057,12.864988563015,-19.5750661905691,11.3451198184298,-13.9986456031027,-0.35489996091484,-23.7834698823143,-4.87235340557097,-8.50428479375643,-16.6011969664137,5.56925817499418,-13.9322487527403,-0.204854827407058,-7.58102324741972,-1.01361239001659,-9.01481328062598,-16.0920320589503,-6.05014766257303,1.66102935873752,2.41992113013135,-4.30043186631826,2.8657718597682,1.48930201538756,0.386039288843108,-0.232391836340479,0.413826703027495,-3.25598090607432,-0.538963227046118,8.64,1
77627.0,-7.13906006793885,2.77308160372497,-6.75784506920828,4.44645597412376,-5.46442818500108,-1.7134014508064,-6.48536540922127,3.40939479860676,-3.05349271362056,-6.26070551479114,2.39416766551329,-6.16353737959229,0.60285052085239,-5.60634642932959,0.206621733749977,-6.52508103976033,-11.4083675448063,-4.69397773642436,2.43127449162965,-0.616949301183343,1.30325030896469,-0.0161181523663711,-0.876669888453567,0.382229800649027,-1.05462388774771,-0.614606036944453,-0.766848111948171,0.409423944116944,106.9,1
139117.0,-3.97593925787714,-1.24493887246577,-3.70741371980754,4.54477220840185,4.05067557270479,-3.40767861716595,-5.06311826997904,1.00704199678733,-3.19015819504631,-4.25071651144568,4.18216236800046,-4.56367473788251,1.18250275143465,-6.96497247579046,1.11533951405808,-4.99733165466689,-6.41953891153561,-1.18359273970866,3.56973257751778,2.1094026874149,1.05973707375805,-0.037394796398813,0.348707142883828,-0.162929482857413,0.410530958112178,-0.123612265343157,0.877423851434985,0.667568429836307,8.3,1
94364.0,-15.1920640113629,10.4325276778611,-19.6295152518171,8.04607504591293,-12.8381666152727,-1.87585874614533,-21.3597382791388,-3.71784952676935,-5.96978174909567,-17.1415136412892,5.90239975502551,-13.5801472568557,-0.45140689941267,-8.33476258691073,-2.02514468652193,-10.1963336944105,-17.2709851692259,-7.07909577930568,1.51769533116994,1.65747618417276,-3.47409650326971,1.76544551266317,1.70125678162665,0.381586805077026,-1.41341748729956,-1.0230778939005,-2.63476129227348,-0.463930546269812,1.0,1
55240.0,-0.626115758780595,-0.3214961410522,0.431947117169892,-1.82967574585055,0.903179508259493,-0.798913342532942,0.54869841699749,-0.187903262987582,-1.57252489355911,0.0450657730281739,-1.87827119624593,-0.592531869690518,0.734338404257249,0.058828285306338,0.0365524284159094,-0.894428130507529,-0.724388960930189,0.898832402950901,-0.547081619186168,-0.201481618650419,-0.658299165543431,-1.77005274689418,0.211360413555146,-1.04478356434332,-0.461156815326331,0.53577726276075,0.0009264495063043,0.137446243056137,59.95,0
53937.0,-2.04260819938332,1.57357807373238,-2.37265243271278,-0.572676430720841,-2.09735276458226,-0.174142123011242,-3.03951978687359,-1.63423295064356,-0.594808638750073,-5.45960189444545,2.37853722491518,-2.33027064686235,-0.24623272486659,-4.05852343611281,-0.316983146603949,-2.52266081131673,-5.60340034818128,-0.778439963776289,0.860211793588662,0.825565985313424,-0.723326195587733,0.501221637302624,-0.696892260580304,-0.600513726439022,0.127547028812739,-0.786072220292301,0.606097322391548,0.171696507911815,261.87,1
70229.0,0.315641749332386,1.63677796226183,-1.51964988293973,4.02857099852445,-1.18679426720391,-0.789813099852487,-2.27980740468004,0.472987926704315,-1.65763500271185,-2.89499040084744,1.60198538284757,-2.82494562476694,1.26920363552044,-5.59136368933409,-0.974827287131074,-2.73779549628906,-4.9615343155062,-2.22479740778771,-0.136117269757132,0.388884849068478,0.345920750226663,-0.1080015945344,-0.165441941824109,0.279894580016653,0.808783092569154,0.117362632970147,0.58959490284462,0.30906407378289,3.79,1
135041.0,-1.25690268860872,1.61933353288368,-0.733870139972072,-0.577867956873624,0.29320615730192,-0.995718604352566,0.649998672592135,0.161487973053961,0.0671063701671447,0.68162500547611,1.00474956811367,1.34659320393457,0.923815906586291,0.435098508807734,-0.264483740199614,-0.349965267024148,-0.600751987336676,0.393122959400471,0.185446188495699,0.0807879243704398,0.360361286364144,1.57888051493546,0.0537566142299578,0.0745185617122218,-0.701783373027044,-0.301672020945135,-0.0717596407187209,-0.164637573174386,1.79,0
41194.0,-7.89688615307576,5.38101952251685,-8.45116161458266,7.96392808742307,-7.86241943013129,-2.37681997521459,-11.9497234569249,5.05135567269165,-6.91207600938549,-11.589748311433,6.64520072606617,-13.542095596465,0.888247918839909,-12.623316046432,1.00275519562895,-12.4322791426353,-23.2415971479491,-8.49529893803197,3.45394255518458,0.645974321869431,2.55794395644985,0.926277883497588,0.0327949396062788,0.638072585685807,0.361887213739485,0.444576520477986,1.10192314818996,0.205958012508108,1.52,1
109761.0,-0.159110438045038,1.55054676751368,0.312136685448832,2.63397858482247,1.69755394397169,0.696451351684697,0.828462089443142,-0.0314277125092458,-0.668487227729401,0.896048270432767,1.06555629066337,-2.43814533590214,2.06799401304255,1.71324475294768,-2.10460072043827,1.17207644199639,-0.737549127049656,0.692458813594395,-1.76014240721981,-0.278672095370517,0.19824865137298,0.637701064084019,-0.163689662186558,0.15151469689074,-0.0794350013968932,-0.0247489800495673,-0.298420222995027,-0.0171193848787614,0.12,0
406.0,-2.3122265423263,1.95199201064158,-1.60985073229769,3.9979055875468,-0.522187864667764,-1.42654531920595,-2.53738730624579,1.39165724829804,-2.77008927719433,-2.77227214465915,3.20203320709635,-2.89990738849473,-0.595221881324605,-4.28925378244217,0.389724120274487,-1.14074717980657,-2.83005567450437,-0.0168224681808257,0.416955705037907,0.126910559061474,0.517232370861764,-0.0350493686052974,-0.465211076182388,0.320198198514526,0.0445191674731724,0.177839798284401,0.261145002567677,-0.143275874698919,0.0,1
57007.0,-1.27124419171437,2.46267526851135,-2.85139500331783,2.3244800653478,-1.37224488981369,-0.948195686538643,-3.06523436172054,1.16692694787211,-2.26877058844813,-4.88114292689057,2.25514748870463,-4.68638689759229,0.652374668512965,-6.17428834800643,0.594379608016446,-4.84969238709652,-6.53652073527011,-3.11909388163881,1.71549441975915,0.560478075726644,0.652941051330455,0.0819309763507574,-0.221347831198339,-0.523582159233306,0.224228161862968,0.756334522703558,0.632800477330469,0.250187092757197,0.01,1
81372.0,-0.88525408859895,1.79064923163963,-0.945148961205205,3.85343274655953,-1.54351007486649,0.188582114329739,-2.98838275644296,1.34405855095688,-2.29453470924744,-1.88617599041763,1.90428359307622,-4.00241403073237,-0.936955588407958,-2.80191542309724,0.798328052783254,-2.34873992555213,-6.42673430721498,-0.827308425201024,1.73238175785046,0.370040520565647,0.746159905151139,0.550802011985416,-0.0348823420887786,-0.56760840448119,-0.528317952733951,0.258782456503747,0.506892694941992,0.176735548819463,7.57,1
94362.0,-26.4577446501446,16.497471901867,-30.1773174564996,8.90415677106517,-17.8925996927224,-1.22790388102871,-31.1973285494605,-11.43892041491,-9.46257260540015,-22.1870885620007,4.41999660154863,-10.5923050053728,-0.703795803703315,-3.92620731586873,-2.40024649210124,-6.80988994039049,-12.4623149481086,-5.50105078380738,-0.567939572890149,2.81224110932946,-8.75569832116533,3.46089334478551,0.896537503959012,0.254835536763482,-0.738096558530353,-0.966564233789852,-7.26348214633855,-1.32488430656137,1.0,1
70536.0,-2.27175453696818,-0.457654560738072,-2.58905463865543,2.23077826688105,-4.27898250263823,0.388610079538804,0.102485457456358,0.813127838070308,-1.0929208385062,-5.03202838566819,3.51034756034463,-2.22739840581069,0.656823927974733,-5.19918574342056,-0.128311029598493,-3.94352099869908,-3.82052232662867,-0.570821093891663,2.78338340771804,2.28575790271371,1.09634200952947,0.658398654570846,1.71167573455248,0.333540036403021,0.538591373646869,-0.193528512332835,0.258194100840055,0.247269213953463,824.83,1
110552.0,-2.45036662540267,2.10772866087808,-5.14066303982343,1.41130357398271,-1.69077950338918,-0.736427202926685,-3.65794634761755,1.94490590423047,-0.788387529063343,-5.62467713431414,3.51964234486905,-7.221590004268,1.20172802326675,-3.8114281425371,-1.70142802210083,-3.57140837935336,-7.31140729142311,-1.75435460658485,0.795448867520342,-0.130438203342561,0.800538093373868,0.364616671021501,0.233607611774679,-0.282077578211224,-0.320310972669244,0.49291998915127,0.35997644954193,-0.115471009476069,80.22,1
137939.0,-4.6507185426378,-3.94700047960332,0.0679355524925239,-1.55574599719717,-0.389450397134833,1.89478791332423,2.48201001452597,-0.411965117715779,1.16890085311935,-0.896305203099892,1.01647438191614,-0.30403340932008,-1.09100687595962,-0.329493224563846,1.37327682713057,0.41883540137769,-0.700949061399789,-0.392243687784691,-0.689811675896443,-2.02638228107928,-0.516242719418241,0.996629414783105,1.15228531961081,-1.52337241845187,0.865963356294307,0.903764571828159,-0.290133706652384,0.796038418209525,641.75,0
85573.0,-1.7567118508365,3.26657425418237,-4.15338789695403,3.92452561357555,-1.7537718434176,-1.0057867792296,-4.31321717578502,1.56071190324579,-3.29567366751075,-6.2133552491157,4.52299197543382,-6.6528440527591,-0.12468523386066,-8.60448620191387,0.110359314846888,-5.94548061159606,-9.33893779428438,-2.39019258818085,3.18415235636348,0.874720103498016,0.911427441871296,0.0530612807310541,-0.367700953962814,-0.776337755840596,0.292093831084717,0.025999713844171,1.0629681996854,0.501148168228208,1.0,1
37950.0,-0.699477100005599,-4.09381671564126,-1.49869500499169,0.135877322258757,-1.60186945254652,0.127001175235758,1.0409623460234,-0.318095827029073,-0.967606964819308,0.313000528402098,0.0199986855745014,-0.150401594760468,-0.647597471188649,0.624535575636702,-0.425846014421986,-1.15379087542148,-0.15808226183103,1.72794403309844,-0.191122586112563,1.70811906504515,0.19894558433041,-1.40036552434188,-1.07971513508798,-0.448290809401818,0.0798467183944255,1.01412903297885,-0.288286721093541,0.16811899352983,1105.5,0
41505.0,-16.5265065691231,8.58497179585822,-18.6498531851945,9.50559351508723,-13.7938185270957,-2.83240429939747,-16.701694296045,7.51734390370987,-8.50705863675898,-14.1101844415457,5.29923634963938,-10.8340064814734,1.67112025332681,-9.37385858364976,0.360805641631617,-9.89924654080666,-19.2362923697613,-8.39855199494575,3.10173536885404,-1.51492343527852,1.19073869481428,-1.12767000902061,-2.3585787697881,0.673461328987237,-1.4136996745882,-0.46276236139933,-2.01857524875161,-1.04280416970881,364.19,1
80919.0,-0.831298448546474,0.233792176737479,3.73947310577721,2.60619615959353,-0.372974006772047,1.76159563418779,0.251020057033305,-0.205604533924052,0.665255226742135,0.733610179697026,-0.934050231715224,0.275380299784281,0.731646509167582,-2.03607099704331,-0.983789127864603,-0.649354035367762,0.0957226027251141,-0.390299083293142,-0.139761041257427,0.0673341984553033,0.03314649855699,1.18886933105524,-0.189153910927545,0.167811426007231,-0.12507179433497,0.23783469922124,-0.455749400264814,-0.597650958449142,68.45,0
43556.0,-1.53864222490467,0.286244440397341,2.16448277207072,0.77950972022358,0.186382186252692,2.37848887088464,-0.316728575319214,0.821615562822414,0.276185057023814,-0.0034976419359638,1.76342353395413,0.980174463068806,-0.475425979199986,-0.178183347014,0.859795375559972,-1.35184618170826,0.963293560924642,-1.24031097501135,-0.613351695839805,-0.154330929257665,0.13502599628377,0.814089485873456,-0.0001755836846087,-1.01920194068547,-0.354015304394951,-0.231095766859166,0.0878782079107505,0.287772105229565,70.96,0
54316.0,-3.23668747708299,2.04915018366809,0.870325219633874,-0.307268502003511,-1.93944603808468,-0.415629335227357,-1.13570927043328,1.65195420280883,0.21404648670813,-0.884106977771593,-1.38346043922614,0.859236927593375,0.426482914255852,0.309131323182334,-0.446181720832411,0.677810446007258,0.210678103208238,-0.11797817818054,-0.504718362662759,-0.447261205409079,0.108906893784948,-0.0713583090272822,-0.156969940606691,0.435769334864843,0.283144188715378,0.232123082039778,-1.49424223568657,-0.641495125325181,21.19,0
155670.0,-0.799674003680658,-0.0694111270895559,0.311903393480299,-2.37107157678144,1.19538070065762,-0.908830678385607,0.909288503319451,-0.277012917010752,-1.52741904901157,-0.352113790457999,-1.97709515401107,-1.26678537719874,-0.0808746222926362,-0.155112978036805,-1.22845367529979,0.752610065123698,-0.0153604843454886,-1.42098111907913,0.736282970351404,0.207718422941366,0.159736878447861,0.252571197659962,-0.605077898232987,-0.961071771206152,1.34201115477383,0.0581818525881384,-0.0718919407169448,0.0200328740186934,37.0,0
139767.0,0.467991939825149,1.1001181155631,-5.60714499999017,2.20471352581391,-0.578538842835423,-0.174199760931247,-3.45420147180469,1.10282268929697,-1.06501551547524,-5.41603688884657,4.49792897288062,-5.01960988798824,-1.01969120130359,-7.91498900748283,0.669648023350281,-4.47201433366572,-5.8569977597527,-2.2431779037749,-0.17381402447058,0.589574721718141,0.983480729453912,0.899876105807612,-0.285103424654105,-1.92971710448514,0.319868526124677,0.170636428415686,0.851798305715368,0.372098282227753,120.54,1
56118.0,1.09013781261481,-0.0367958645053652,0.410928427503272,0.692444448143292,-0.572259286991876,-0.960700271541094,0.173785676112985,-0.223975542296601,0.0463407904282871,-0.104573540373732,-0.231184249663134,0.331488587024044,0.256233954519662,0.274007248710874,1.05151297338279,0.319187477859079,-0.417620261360452,-0.513655518611603,-0.14499230860122,0.0816559808229923,-0.20514332472075,-0.797910113570771,0.059120013555716,0.377197157226259,0.183089031905358,0.0857075695267403,-0.0462192605176031,0.0341710423810536,89.99,0
78365.0,-0.401545242854643,1.11526912096761,1.41244135497568,-0.0089446479141676,0.0398442149653622,-0.772346461267733,0.634250776640639,0.0356741861521593,-0.737498549435387,-0.354547730794682,1.74810561209984,0.923548428456842,0.459741978801909,-0.312259362349223,0.127976931880789,0.497337258297888,-0.194389778873442,0.233219597630574,0.118992204220708,0.146909756966519,-0.193524985241524,-0.501777529420965,-0.0094458806435048,0.497123390747274,-0.202471724937734,0.0402989813702627,0.24531837966882,0.0912337516504802,1.79,0
68207.0,-13.1926709562391,12.785970638298,-9.90665002092758,3.32033688288942,-4.80117593230105,5.76005855618556,-18.7508891580107,-37.3534426378925,-0.391539743919107,-5.05250236713858,4.40680552357904,-4.61075647740608,-1.90948796970811,-9.07271093398351,-0.226074450896345,-6.21155748212485,-6.24814535335983,-3.14924669470095,0.0515761185277783,-3.49304991519446,27.2028391573154,-8.88701714094871,5.30360690376998,-0.639434802306313,0.263203123457008,-0.108876929971315,1.26956635541013,0.939407362758877,1.0,1
141249.0,0.861112737652002,-2.63265061968895,-1.1749198242144,-0.21949515736651,-1.6080199249676,-0.648885252703825,0.043225242971933,-0.163203472621992,1.67360389344139,-0.619164859753909,-0.608254526176843,-0.250336966422273,-1.20316654195642,0.365192377406389,1.42618458718015,0.303222051258085,-0.303132268282034,0.292736092789846,-0.2393606887913,0.995799771798042,0.546515893576602,0.26905833894464,-0.255451010114343,1.20934212659168,-0.640097688112676,0.586513820893262,-0.166128242341675,0.0612545447636801,613.35,0
42628.0,-1.87296632645579,-0.99343450432107,2.1375031667273,3.57110803405221,0.899669533032045,-0.404628942664007,-0.479518771352266,0.453188822008726,-0.717665698912751,0.694392067986241,-0.591254399081887,-0.749564209015606,-1.56402351567894,0.283366296988319,0.641150736030172,-0.77235917453019,0.915566346732781,-0.591762109297261,0.691673108423983,0.883361723363593,-0.0367240022191935,-0.660087246525906,0.622363184505886,0.326550342408744,0.169557549013789,0.135726449034474,0.174080545004469,0.112759266420655,149.0,0
161875.0,-1.00199535207241,1.87495238445027,-0.216197418963146,0.90673749525255,1.39029027706639,-0.459859197586767,1.58749310286709,-0.192040135912219,-0.737030230669563,-0.434070814698125,-0.59902058505204,-0.609746291004377,-0.459776954207551,-1.14640209439322,0.127577686850759,-0.71485928144773,1.3912158844404,0.332003966494586,0.676029452935836,0.289577992243649,-0.110421664370284,-0.0145558729864496,-0.53085024137253,0.557254329864219,1.25186301282147,-0.202759405592333,0.279902904086476,0.225379718955926,28.55,0
81832.0,1.03034272983088,-0.0447054631475314,0.356660368689757,1.37913228120463,-0.246541245144164,0.536724594868159,-0.466658744358226,0.353506696986596,0.695343876449452,-0.549777270755169,0.863539564766144,0.623101334567083,-0.940976125471273,-1.11185562929279,-0.793422964146953,-0.0081472804072171,0.845963434220847,0.446098919565569,-0.0984144173942366,-0.111473931359825,-0.0336779685282995,0.107374198182446,-0.176291824620702,-0.394646884623618,0.58020055124789,-0.24449495013114,0.0729823436332456,0.0390139273620543,42.53,0
149582.0,-4.28058383167792,1.42110000741665,-3.90822884348162,2.94294608011161,-0.0762053360306411,-2.00252600045019,-2.87415473251562,-0.856005441485914,0.963674230223562,-3.23543895742654,3.34180192747217,-7.56286042898412,-1.8474434271558,-11.5714234295766,-1.4815558418284,-6.18091869945618,-9.28518598266033,-3.92172214129965,0.685510860299876,-0.198962780003302,-0.140061995134615,-0.90772022005271,-0.680107948583095,-0.349169892929711,0.0562758915123628,-1.14992266869478,-1.80988612030864,0.723051433275673,1.1,1
115584.0,1.9944222669367,0.0424807996584595,-1.62836823996337,0.347463608745843,0.366802594378434,-0.582086744061938,0.0500448190338015,-0.0497928352447868,0.292540493785347,-0.207745019763826,1.25885363977606,0.658204757800369,-0.535904630832882,-0.533689727070158,-0.407003775046732,0.425903773271124,0.371757021495641,0.101348636002777,0.203889592002174,-0.17104536186826,-0.29586419231183,-0.819509188618278,0.354674709087384,0.597496914582259,-0.346418577733204,0.148992248065033,-0.0678122978458615,-0.0389820912941333,9.99,0
27219.0,-25.2663550194138,14.3232538097233,-26.8236729135114,6.34924780743689,-18.664250613469,-4.64740304866878,-17.9712120192706,16.6331030618556,-3.76835097141465,-8.303239351259,4.78325736701241,-6.6992520739678,0.846767864669643,-6.57627643636006,-0.0623303798952992,-5.96165987257541,-12.2184817176797,-4.79184198325342,0.894853521838799,1.65828884445902,1.78070097046593,-1.86131814726914,-1.18816729293127,0.156667050663465,1.76819198236914,-0.219916008250323,1.41185477685432,0.414656383638367,99.99,1
40132.0,0.204238819635535,-1.44527044269334,0.0671071117061513,1.47988106982573,-0.57283846362747,0.807648975607784,0.286606230988672,0.25603218154596,0.270476126052134,-0.259816401223857,1.27712120723221,0.88969390421925,-1.05728751710133,0.512076817556631,-0.243603376107346,-0.629940760763574,0.32973120797428,-0.745149314074375,-0.52345362814023,0.643698063360486,0.145904013115871,-0.419720526281691,-0.33954680805742,-0.30107972772352,0.204945115058042,-0.485010471479747,-0.0261745109320683,0.0840357990741181,455.08,0
122552.0,0.0387716092610404,0.0200819312671675,-0.547671916475305,0.43022212899242,0.804840193842272,-0.754019787244948,0.943723805988174,-0.352734143230453,-1.64380196025246,0.721581488185558,-1.73587733927126,-0.414185948099041,0.241289082415086,0.367935570133014,-0.563709817408535,-2.58576220830954,0.242959261627508,1.1475742311021,0.0821204591708211,-0.275550363136619,-0.0896115914278991,0.242013051697939,0.15840597276667,-0.450380839551407,-0.749425788729908,-0.495556804054107,0.278850211787382,0.275971387316359,77.48,0
67219.0,-0.347816426906604,-0.203772373357519,0.189958210165065,-1.34140903980414,-0.789018725107677,0.225973827107347,1.09033684487858,-0.189297837248701,-1.32198889353729,0.372041435753179,0.140799202471042,-0.815288327135391,-0.697076236927516,-0.0268888967083942,-1.08157263911645,0.948819153650331,0.0438218138240198,-0.592585775185499,1.52651108137967,0.0946656040928672,0.29947889318688,0.832875908595016,-0.0724925783387511,-0.465586580891826,-0.318904414087442,-0.204137573598326,0.111813467509574,0.126392678053897,233.16,0
76867.0,1.08256623409747,1.09486151295003,-1.36702004784737,2.01255429562949,0.708142047645968,-0.807712094137058,0.151952109111841,0.158352530916403,0.0098722842273316,-1.92527812380296,2.60593702345612,-0.309218873424363,-1.76754891562268,-4.42919458671376,-0.171939794624445,1.05551393649543,3.9705869371836,1.76224857169611,-0.880812102847679,-0.135789404251701,-0.32528376499397,-0.734343617700577,-0.106725343342181,-0.224999064492694,0.569167327221417,-0.33503264926341,0.0891401408869493,0.11233722000597,1.0,1
31355.0,-0.16293817085942,-0.827301028934288,2.584384973005,-1.54741665605243,-1.42822095472531,0.677782554116013,-0.978052137705275,0.222927635386247,-1.73392386878817,1.30801805899964,0.845827598592445,-0.846120084958474,-0.66527167178951,-0.799125462424135,-0.390400718276081,-0.994220501182769,0.975816859195888,0.455734905090758,0.703580141413534,-0.162326315972685,-0.1211718352983,0.320843718938153,-0.0597411155340345,-0.0171822195115033,-0.499472181475461,-0.150647457100013,0.0307878697349702,-0.102637524351047,22.0,0
135087.0,-2.11849405487421,0.499306634620878,0.0561374562599619,-2.73734159605594,-0.385700291314139,0.066616570941574,-0.1515838462268,0.87497007848105,0.500025435053687,-1.45859194905029,-0.205926473531348,0.558790681570739,-0.265634542482542,0.48296119525237,-0.445896719390025,1.33876769109723,-1.19698583669147,0.925655019756898,-0.62142564336368,-0.543675748147786,0.336517778709351,0.515994878787611,-0.423004063688576,0.159675195713376,0.0152271182875643,0.467818450294456,-0.725803487745871,-0.0161067153770359,75.05,0
115359.0,1.86413902536754,-0.671592731847109,-0.025917843491018,0.17563891297133,-0.807277051653659,0.230880050774815,-0.965374626591233,0.230390686933112,1.0448470873688,0.114067492257318,0.905026805720343,1.22163392930717,0.535360025260204,-0.213242214967865,0.0677749731342151,0.861093631738952,-0.917674585969904,0.501589370698638,-0.0384506876325488,-0.032838138352877,0.109976224330366,0.331129296570972,0.309037237965149,0.803120342441919,-0.615114288817785,0.42011298220745,-0.0255053326535257,-0.0329117547253111,47.85,0
163195.0,2.03446627577368,-0.0891210673894908,-3.22160373207179,-0.59221928121004,2.71066482712264,2.99301352363999,-0.370523820667459,0.723308137468397,0.435391543350333,-0.499039081226657,0.441647294874184,0.0410194860275926,-0.200128015092024,-0.627994990581836,1.33230414884608,0.166071751797567,0.391711101044559,0.428734411076431,-0.573569150456112,-0.117524091789189,0.190092082118474,0.594493367671443,0.0136435103184539,0.628188839984995,0.287796293142921,-0.0809345686956895,0.0170176652083084,-0.0347127173069405,7.99,0
135314.0,-3.15898973247843,1.7654516187093,-3.39016804993175,0.9874099790721,-1.50993036564483,-1.28095213137771,-2.71955696702151,0.718324816575686,-1.66018323527908,-3.8410981507899,3.28282460993431,-3.90687694585664,0.951367704021229,-4.89818303490097,-0.551999608913709,-4.78744841664753,-9.33432947229458,-2.58024865554763,1.50157346167502,-0.0225898632000452,1.12053278888547,1.60508518555367,-0.618637378199115,-0.251282996939273,-0.240527821958069,-0.0043267561942135,-0.2354773111409,0.0181292220019296,84.28,1
14073.0,-4.15301449873357,8.20479650456012,-15.0317142097481,10.330099825448,-3.99442609736294,-3.25001318447365,-10.4156978119079,4.62080391044331,-5.71124797098224,-11.7971810675777,11.2779207278067,-16.7283393320915,0.2413676825577,-17.7216383537133,-0.387299923381284,-10.3220166783853,-13.9590853730538,-5.03071003831832,1.19726633504633,1.41262488019492,1.97698839609887,0.25651048717528,0.485908106513804,-1.19882131436036,-0.526567394687845,0.634873502483478,1.62720907623952,0.723235068518316,1.0,1
102669.0,-5.60369027985602,5.22219270751471,-7.51682997724608,8.11772427554261,-2.75685795265464,-1.57456462233583,-6.33034325040366,2.99841888080239,-4.50816689310713,-7.33437708370839,7.18872396524447,-10.6551809118898,2.59467986078199,-10.242859083204,-0.191158119172494,-5.50433407013933,-8.69777741257031,-1.93422536185434,1.95874993153475,0.227525994742654,1.24289620552409,0.428408392466797,-0.101183595116722,-0.520199121186447,-0.176937756589733,0.461449982566097,-0.106625180749266,-0.479661947808134,0.0,1
131792.0,1.81871756918817,-1.02126013817615,-0.585380633307995,-0.627308933217733,-1.14249145808337,-0.988745549471094,-0.51224164010624,-0.0651312001427696,1.72606969046005,-0.41051575038694,-0.832936639796022,-0.362423795037959,-1.48374839536316,0.35501466709839,1.40386457791287,0.328410963375961,-0.351130045849435,-0.161485938013384,0.174927502105523,-0.0496350375530134,-0.121405712216597,-0.565543220462472,0.334553639019316,-0.0665887907403361,-0.753360259844268,0.332097955781602,-0.0680641887400595,-0.030426771592187,119.79,0
25231.0,-16.5986647432584,10.5417508026636,-19.8189818085279,6.0172946473619,-13.0259010501237,-4.12877900260013,-14.1188648469369,11.1611439952369,-4.09955143059712,-9.22282550730978,6.32936467621872,-8.95219071159749,-0.138363691274054,-9.82505442102721,0.0572235922374037,-7.54168742379503,-14.2595985921417,-5.03505152375192,1.43226792970939,1.53491982113512,1.72585282658181,-1.15160577552799,-0.680051901875725,0.108175914514646,1.06687834149611,-0.233720431391328,1.70752055210726,0.51142316911239,99.99,1
49985.0,-1.55421636788274,1.69422928947167,-0.903333638062708,2.42543608490852,-2.89978748492542,0.133028430446298,-0.286225919411127,0.555944559014401,-1.39491838156524,-2.89261176082088,1.96223597455109,-2.38526266137636,0.458337202321203,-3.72454345377605,1.84397832505056,-2.01392370780293,-2.81560029569659,-1.09229027232613,0.139687230416985,-0.0323343863075664,0.493436338989664,0.733393182273647,0.202349959595007,0.492053700892718,-0.183790909215829,-0.19991711985608,0.395200622125666,0.0276930320930062,360.0,1
100501.0,-6.9852674861123,5.15109356872598,-4.59933777342036,4.53447860064768,0.849053978611719,-0.210701203278644,-4.42522968507474,-5.13452515572624,0.0693205728889109,-0.870997150804889,5.20081516878268,-7.80222778971281,0.0339124179895287,-7.56013197197136,-1.01465193469311,-1.50792960088674,-3.41027456780471,0.107544007359072,-1.37551765637273,-1.24699631854492,5.45367185347674,-2.05617714358307,-0.280333720590026,0.120771472511766,0.569357720918146,0.145971466001576,0.300193469284684,1.77936385243205,0.76,1
117278.0,2.0623106072027,0.538382822583584,-3.18890841606211,0.62768574912306,1.14243365698677,-1.39021436470252,0.617710853574493,-0.253332162404033,-0.0011280394158266,-0.8311133029455,1.50800922957268,-0.452067950587965,-1.88188608553808,-1.90804116648406,-0.531800430503695,0.585283719347346,2.03169973530269,1.22366019355227,-0.0185017740456111,-0.217386770592409,-0.0334108928161011,-0.0021099916080346,-0.0308920462323776,0.551682980916939,0.312813951511096,0.66401386825713,-0.0955992652653595,-0.0259349843489947,0.76,0
164330.0,-1.18507529929468,-0.397826071641852,-0.715905456379125,-2.58007680228414,-0.570776136671516,-0.708952475900614,-0.22930718432952,0.306836928426726,-2.59138912589952,0.991779093856569,-0.228404962916934,-0.510161479418818,0.354638818780066,0.225780554731211,-1.62470840337061,-0.526492805277905,0.337416270545242,0.852052699055258,0.135728451936962,-0.573062283018701,0.356993846632105,1.38639306588515,-0.404959598578474,-0.420380809464524,0.119743556816377,0.175992376375344,-0.485689061064912,-0.249061460075775,60.0,0
159442.0,2.08534280193633,0.127574626546558,-1.77618021622911,0.384596166794591,0.459211779235811,-0.800262857196516,0.158134125156462,-0.206201008621317,0.559129787098154,-0.367481914864387,-0.768930469054668,-0.0961874467016196,-0.267844601957347,-0.782173570739215,0.256122761405728,0.378893914374761,0.437217252549127,-0.212537840747265,0.114149163942987,-0.173487837417069,-0.378902156545817,-1.00300457446935,0.324609043325364,0.369083512553678,-0.249495647467357,0.18252910460678,-0.0652936484429329,-0.0327713175637667,1.98,0
123846.0,2.04758046313464,-0.0797444629505085,-1.39476131289696,0.152185639947243,0.2092340536866,-0.695227319400838,0.0862071149846553,-0.195714983579648,0.38876105876619,0.170178133630263,0.707003573959197,0.921674680009805,0.148668493103133,0.617874882213387,0.141027847474638,0.0703544485458811,-0.865372828949527,0.503128338665269,0.112489676763124,-0.221887161030433,0.291551977289575,0.989852024013321,-0.0557440760757802,-0.425388856668426,0.265123364121657,-0.0917015277048749,-0.0166583353900758,-0.0721780197134153,1.0,0
171409.0,-1.86512898215031,-0.221042835879908,1.4877322154634,-0.235578408515885,0.997977439963116,-1.20300773166964,-0.018376645796467,-0.207396672628772,0.147668170356583,-0.277730960209566,-1.01598628858271,-0.383577084055046,-0.46058920379664,-0.0484106528688775,0.525205755215533,-0.0422332498630151,-0.237941021889365,-0.168065088510458,0.555092185210413,-0.531771144245437,-0.12145050095684,-0.0466683441845721,-0.748953233758735,0.0706131068627794,0.377363431801566,0.745842170307453,-0.218172917091915,0.10566472343047,31.35,0
84204.0,-0.937843305478391,3.46288948991687,-6.44510395393435,4.9321986662268,-2.23398306982245,-2.29156112129773,-5.69559392853253,1.33882463362261,-4.32237655329329,-8.0991193981365,7.18296700883659,-9.44594338249901,-0.314619967520224,-12.9914655817567,-0.136358931959623,-6.36752437517144,-12.7343938853776,-3.84512965889743,1.00766725992114,1.12953228130351,1.06655024941577,-0.521657289347299,-0.319917292909547,-0.405859088093617,0.906802159957716,1.16578389011737,1.37449533233535,0.729889341911333,0.0,1
52410.0,1.27483362378789,0.0473645834058723,0.0959410435986229,0.391988881579958,-0.0479716854598345,-0.0864163857361452,-0.15753387633208,0.0903286458089326,0.374992806793938,-0.0550254720419509,-1.05549241910286,-0.792394847348174,-1.38217700477234,0.58040392450154,1.5452268555074,0.340391565177506,-0.345142505036545,-0.493948767089756,-0.149025518029748,-0.21474473965663,-0.305909765712534,-0.933805363291147,0.0842652361268071,-0.821722525659067,0.19478237812338,0.182396318945363,-0.0255974199243548,0.0031877229080337,1.79,0
84679.0,-1.98909951857596,-0.962344828449166,2.51443994967025,1.60324669213255,-0.230832708096656,0.186039222071119,0.428683825848655,-0.107834837226503,0.675053929833223,-0.261845157486194,-0.92341286345205,0.794504870614235,1.05890777884393,-1.2420658024689,-0.705932319693507,-0.906400690260514,0.249402638687647,-0.0433849860794299,0.929959630318704,0.530630095046086,0.0266532727216946,0.603265785274713,-0.0156598439479654,0.480452067844145,0.682768923389993,-0.0891426240415922,0.0737721498523526,0.128853123090004,247.0,0
56098.0,-1.22966891678814,1.95609915073809,-0.851197959645561,2.79698655025108,-1.91397684079333,-0.0449344462262948,-1.34073935355915,-0.5555479867039,-1.18446766006311,-3.24510859732028,2.33832327000211,-2.82004218823068,0.763325773164453,-5.41958986916794,0.0414327925041231,-4.18075778829053,-4.2850705920981,-2.53645157282245,0.93023918577297,0.270459255150975,1.20805425987967,0.277611797272191,0.0192658003152734,0.508528831195383,-0.201182897226566,-0.249600419347595,0.562238742839488,0.0753085014191344,170.92,1
121067.0,1.68614232445542,-1.14935864172289,-0.836528131007936,-0.687241650855139,-0.742554951697676,-0.413757591715839,-0.36526320136816,-0.141751946528128,1.37880563584213,-0.505569053520042,-0.522974368180397,0.91678376917129,1.24354239925774,-0.236214656009108,1.18325707306381,0.19788346664384,-0.552430249731826,-0.0443841804910427,-0.0361919056955805,0.314377290764303,0.301175159342379,0.634952747624603,0.0358122572979429,0.782148827479564,-0.363447332980574,0.653877714378438,-0.069006705614508,-0.0106381572481455,198.0,0
139194.0,-0.928876340653066,0.326915585561495,-1.33139444156135,-3.25437776707214,2.73610350384725,3.10974918544285,-0.0480902552403554,1.37035174499539,0.356512550070265,-1.42645507135554,-0.730045874470351,0.322346191456841,-0.522590671592692,0.351918300445147,-1.11596371666448,-0.142206932071091,-0.393845672836624,-0.681036645585733,-0.929466463521482,-0.135666675396853,0.150886244762638,0.423439820347492,-0.206416976061683,0.791216513148803,-0.0397497950456137,0.776916551357727,0.194926734506769,0.105357931183229,1.0,0
